name,study_hours,attendance_pct,math_score,english_score,passed
Alice,6.5,92,88,84,1
Bob,2.0,61,45,50,0
Carol,5.0,85,76,79,1
Dave,4.277777777777778,78,65,70,1
Eve,3.5,55,40,38,0
Frank,7.0,95,91,88,1
Grace,1.5,40,30,35,0
Henry,4.5,80,70,72,1
Iris,6.0,88,83,80,1
Jake,2.5,65,52,48,0
Karen,5.5,90,80,77,1
Leo,4.277777777777778,50,42,45,0
Mia,4.0,75,68,65,1
Nina,3.0,60,55,52,0
Oscar,8.0,98,95,92,1
Paula,1.0,35,25,28,0
Quinn,5.0,82,74,71,1
Ryan,3.5,70,60,58,1
Sara,6.5,91,87,85,1
Tom,2.0,58,44,40,0
